chrom	start	end	gene1	gene2	gene1_strand	gene2_strand	inter_tss_distance	pair_type
chr1	1232031	1232236	SDF4	B3GALT6	-	+	205	divergent_classic
chr1	1308596	1309609	PUSL1	ACAP3	+	-	1013	divergent_overlapping
chr1	1324687	1324755	INTS11	CPTP	-	+	68	divergent_classic
chr1	5990926	5992473	KCNAB2	NPHP4	+	-	1547	divergent_overlapping
chr1	6613730	6614607	PHF13	KLHL21	+	-	877	divergent_overlapping
chr1	9943407	9943427	LZIC	NMNAT1	-	+	20	divergent_classic
chr1	10472287	10472529	PEX14	DFFA	+	-	242	divergent_overlapping
chr1	11806095	11806455	CLCN6	MTHFR	+	-	360	divergent_overlapping
chr1	15526534	15526812	CASP9	DNAJC16	-	+	278	divergent_classic
chr1	16352480	16352574	FBXO42	SZRD1	-	+	94	divergent_classic
chr1	19251552	19251804	EMC1	MRTO4	-	+	252	divergent_classic
chr1	19312144	19312325	AKR7A2	SLC66A1	-	+	181	divergent_classic
chr1	19484402	19485539	MICOS10	CAPZB	+	-	1137	divergent_overlapping
chr1	24415801	24416934	NIPAL3	STPG1	+	-	1133	divergent_overlapping
chr1	26900237	26900467	NUDC	GPATCH3	+	-	230	divergent_overlapping
chr1	28233029	28236108	DNAJC8	ATP5IF1	-	+	3079	divergent_classic
chr1	31296788	31296981	SNRNP40	ZCCHC17	-	+	193	divergent_classic
chr1	32221076	32222359	EIF3I	TMEM234	+	-	1283	divergent_overlapping
chr1	32650903	32651141	ZBTB8OS	RBBP4	-	+	238	divergent_classic
chr1	32816766	32818031	S100PBP	YARS1	+	-	1265	divergent_overlapping
chr1	35557472	35557950	NCDN	KIAA0319L	+	-	478	divergent_overlapping
chr1	36155578	36156053	MAP7D1	TRAPPC3	+	-	475	divergent_overlapping
chr1	37806978	37808208	C1orf122	YRDC	+	-	1230	divergent_overlapping
chr1	42817121	42817397	ERMAP	SVBP	+	-	276	divergent_overlapping
chr1	45010949	45011324	UROD	HECTD3	+	-	375	divergent_overlapping
chr1	45340051	45340893	TOE1	MUTYH	+	-	842	divergent_overlapping
chr1	45688113	45688180	GPBP1L1	TMEM69	-	+	67	divergent_classic
chr1	46303616	46303697	LRRC41	UQCRH	-	+	81	divergent_classic
chr1	50960267	50960744	FAF1	CDKN2C	-	+	477	divergent_classic
chr1	52055191	52056198	TXNDC12	BTF3L4	-	+	1007	divergent_classic
chr1	52927212	52927275	ECHDC2	SCP2	-	+	63	divergent_classic
chr1	54053504	54053583	TMEM59	TCEANC2	-	+	79	divergent_classic
chr1	63593410	63593721	PGM1	ITGB3BP	+	-	311	divergent_overlapping
chr1	70205579	70205681	LRRC40	SRSF11	-	+	102	divergent_classic
chr1	74733151	74733408	TYW3	CRYZ	+	-	257	divergent_overlapping
chr1	77979110	77979174	FUBP1	DNAJB4	-	+	64	divergent_classic
chr1	86914424	86914634	SELENOF	HS2ST1	-	+	210	divergent_classic
chr1	100895179	100896075	EXTL2	SLC30A7	-	+	896	divergent_classic
chr1	111139478	111140203	CEPT1	DRAM2	+	-	725	divergent_overlapping
chr1	111448863	111449256	ATP5PB	WDR77	+	-	393	divergent_overlapping
chr1	112619804	112620825	CAPZA1	ST7L	+	-	1021	divergent_overlapping
chr1	117929621	117929719	GDAP2	WDR3	-	+	98	divergent_classic
chr1	145824052	145824095	POLR3C	RNF115	+	-	43	divergent_overlapping
chr1	150268199	150269580	C1orf54	APH1A	+	-	1381	divergent_overlapping
chr1	151008376	151008419	MINDY1	PRUNE1	-	+	43	divergent_classic
chr1	151070325	151070577	CDC42SE1	GABPB2	-	+	252	divergent_classic
chr1	151195321	151197948	VPS72	PIP5K1A	-	+	2627	divergent_classic
chr1	153627925	153631360	S100A1	S100A13	+	-	3435	divergent_overlapping
chr1	153631360	153633981	S100A13	CHTOP	-	+	2621	divergent_classic
chr1	153967533	153968184	CREB3L4	SLC39A1	+	-	651	divergent_overlapping
chr1	153986358	153990761	RAB13	RPS27	-	+	4403	divergent_classic
chr1	154220178	154220637	UBAP2L	C1orf43	+	-	459	divergent_overlapping
chr1	154974395	154974652	SHC1	CKS1B	-	+	257	divergent_classic
chr1	155208694	155209051	MTX1	THBS3	+	-	357	divergent_overlapping
chr1	155563162	155563234	ASH1L	MSTO1	-	+	72	divergent_classic
chr1	155687959	155689000	DAP3	YY1AP1	+	-	1041	divergent_overlapping
chr1	155859400	155859566	GON4L	SYT11	-	+	166	divergent_classic
chr1	156053798	156054781	UBQLN4	LAMTOR2	-	+	983	divergent_classic
chr1	156728441	156728766	METTL25B	ISG20L2	+	-	325	divergent_overlapping
chr1	160343293	160343566	NCSTN	COPA	+	-	273	divergent_overlapping
chr1	161118055	161118085	PFDN2	NIT1	-	+	30	divergent_classic
chr1	165827613	165827755	UCK2	TMCO1	+	-	142	divergent_overlapping
chr1	167935782	167937072	DCAF6	MPC2	+	-	1290	divergent_overlapping
chr1	169367948	169367969	NME7	BLZF1	-	+	21	divergent_classic
chr1	179877803	179882041	TOR1AIP2	TOR1AIP1	-	+	4238	divergent_classic
chr1	183635783	183636084	ARPC5	RGL1	-	+	301	divergent_classic
chr1	185157072	185157079	TRMT1L	SWT1	-	+	7	divergent_classic
chr1	186375693	186375837	TPR	ODR4	-	+	144	divergent_classic
chr1	193059453	193060080	RO60	UCHL5	+	-	627	divergent_overlapping
chr1	212791782	212791827	NSL1	TATDN3	-	+	45	divergent_classic
chr1	220090462	220094131	BPNT1	IARS2	-	+	3669	divergent_classic
chr1	222712552	222713210	BROX	AIDA	+	-	658	divergent_overlapping
chr1	229626122	229626246	TAF5L	URB2	-	+	124	divergent_classic
chr1	230978875	230978980	TTC13	ARV1	-	+	105	divergent_classic
chr1	231241187	231241206	C1orf131	GNPAT	-	+	19	divergent_classic
chr1	231337103	231337852	SPRTN	EXOC8	+	-	749	divergent_overlapping
chr1	235327349	235328219	GGPS1	ARID4B	+	-	870	divergent_overlapping
chr1	243255348	243256033	CEP170	SDCCAG8	-	+	685	divergent_classic
chr1	246566261	246566443	TFB2M	CNST	-	+	182	divergent_classic
chr10	1049119	1049537	IDI1	WDR37	-	+	418	divergent_classic
chr10	5889906	5890202	ANKRD16	FBH1	-	+	296	divergent_classic
chr10	7787993	7788146	KIN	ATP5F1C	-	+	153	divergent_classic
chr10	12195891	12195964	NUDT5	CDC123	-	+	73	divergent_classic
chr10	18659285	18659430	NSUN6	ARL5B	-	+	145	divergent_classic
chr10	27154823	27155266	MASTL	YME1L1	+	-	443	divergent_overlapping
chr10	35126790	35127006	CREM	CUL2	+	-	216	divergent_overlapping
chr10	63521400	63521850	REEP3	JMJD1C	+	-	450	divergent_overlapping
chr10	68331173	68333049	HNRNPH3	PBLD	+	-	1876	divergent_overlapping
chr10	72215999	72217134	ANAPC16	ASCC1	+	-	1135	divergent_overlapping
chr10	73168118	73169055	FAM149B1	ECD	+	-	937	divergent_overlapping
chr10	74150842	74151201	AP3M1	ADK	-	+	359	divergent_classic
chr10	87094160	87094843	SHLD2	GLUD1	+	-	683	divergent_overlapping
chr10	89414557	89414567	LIPA	IFIT5	-	+	10	divergent_classic
chr10	92291078	92291166	CPEB3	MARCHF5	-	+	88	divergent_classic
chr10	97426076	97426190	RRP12	PGAM1	-	+	114	divergent_classic
chr10	97446017	97446169	EXOSC1	ZDHHC16	-	+	152	divergent_classic
chr10	100529071	100530000	HIF1AN	NDUFB8	+	-	929	divergent_overlapping
chr10	100987366	100987515	TWNK	MRPL43	+	-	149	divergent_overlapping
chr10	102502712	102503971	ACTR1A	SUFU	-	+	1259	divergent_classic
chr10	103396492	103396625	ATP5MK	PDCD11	-	+	133	divergent_classic
chr10	110919201	110919366	BBIP1	SHOC2	-	+	165	divergent_classic
chr10	112446997	112447572	VTI1A	ZDHHC6	+	-	575	divergent_overlapping
chr10	113854383	113854660	DCLRE1A	NHLRC2	-	+	277	divergent_classic
chr10	119892556	119892706	MCMBP	SEC23IP	-	+	150	divergent_classic
chr10	123008812	123008978	IKZF5	ACADSB	-	+	166	divergent_classic
chr10	125823258	125823545	UROS	BCCIP	-	+	287	divergent_classic
chr10	132331847	132332153	STK32C	LRRC27	-	+	306	divergent_classic
chr11	207399	207707	BET1L	RIC8A	-	+	308	divergent_classic
chr11	236931	236965	SIRT3	PSMD13	-	+	34	divergent_classic
chr11	842529	842811	POLR2L	TSPAN4	-	+	282	divergent_classic
chr11	3797723	3797792	PGAP2	NUP98	+	-	69	divergent_overlapping
chr11	6481479	6481500	ARFIP2	TIMM10B	-	+	21	divergent_classic
chr11	6603616	6603707	RRP8	ILK	-	+	91	divergent_classic
chr11	8910951	8911138	DENND2B	AKIP1	-	+	187	divergent_classic
chr11	17207986	17208152	PIK3C2A	NUCB2	-	+	166	divergent_classic
chr11	18322198	18322294	HPS5	GTF2H1	-	+	96	divergent_classic
chr11	31509645	31509754	IMMP1L	ELP4	-	+	109	divergent_classic
chr11	34915828	34916379	PDHX	APIP	+	-	551	divergent_overlapping
chr11	46700619	46701029	ARHGAP1	ZNF408	-	+	410	divergent_classic
chr11	47248299	47248906	NR1H3	ACP2	+	-	607	divergent_overlapping
chr11	47565429	47565569	PTPMT1	CELF1	+	-	140	divergent_overlapping
chr11	57712221	57712592	MED19	TMX2	-	+	371	divergent_classic
chr11	58578220	58579062	LPXN	ZFP91	-	+	842	divergent_classic
chr11	61361963	61362283	TMEM138	CYB561A3	+	-	320	divergent_overlapping
chr11	61430031	61430041	CPSF7	SDHAF2	-	+	10	divergent_classic
chr11	61792802	61792910	TMEM258	FEN1	-	+	108	divergent_classic
chr11	62611721	62612775	ROM1	EML3	+	-	1054	divergent_overlapping
chr11	62727457	62728068	HNRNPUL2	TTC9C	-	+	611	divergent_classic
chr11	62787401	62792006	TMEM179B	TMEM223	+	-	4605	divergent_overlapping
chr11	64225940	64226254	NUDT22	TRPT1	+	-	314	divergent_overlapping
chr11	64226254	64230277	TRPT1	DNAJC4	-	+	4023	divergent_classic
chr11	64246943	64251529	PPP1R14B	PLCB3	-	+	4586	divergent_classic
chr11	64317559	64318120	TRMT112	PRDX5	-	+	561	divergent_classic
chr11	64917209	64917552	ATG2A	PPP2R5B	-	+	343	divergent_classic
chr11	65122177	65122182	FAU	MRPL49	-	+	5	divergent_classic
chr11	65615382	65615775	MAP3K11	PCNX3	-	+	393	divergent_classic
chr11	65857125	65862026	MUS81	CFL1	+	-	4901	divergent_overlapping
chr11	65919062	65919273	C11orf68	DRAP1	-	+	211	divergent_classic
chr11	66002176	66002227	EIF1AD	BANF1	-	+	51	divergent_classic
chr11	66466326	66466738	PELI3	MRPL11	+	-	412	divergent_overlapping
chr11	67468173	67469272	AIP	TMEM134	+	-	1099	divergent_overlapping
chr11	71452868	71453108	DHCR7	NADSYN1	-	+	240	divergent_classic
chr11	72080336	72080693	LRRC51	NUMA1	+	-	357	divergent_overlapping
chr11	73876698	73876901	PAAF1	COA4	+	-	203	divergent_overlapping
chr11	74949200	74949260	XRRA1	SPCS2	-	+	60	divergent_classic
chr11	77820869	77821108	RSF1	AAMDC	-	+	239	divergent_classic
chr11	78188626	78188811	KCTD21	USP35	-	+	185	divergent_classic
chr11	94493885	94493978	MRE11	ANKRD49	-	+	93	divergent_classic
chr11	95789964	95790409	CEP57	FAM76B	+	-	445	divergent_overlapping
chr11	96389956	96389988	CCDC82	JRKL	-	+	32	divergent_classic
chr11	112086798	112086823	TIMM8B	SDHD	-	+	25	divergent_classic
chr11	114400029	114400511	RBM7	C11orf71	+	-	482	divergent_overlapping
chr11	117232525	117232624	PCSK7	RNF214	-	+	99	divergent_classic
chr11	117314556	117316259	CEP164	BACE1	+	-	1703	divergent_overlapping
chr11	118572389	118572970	ARCN1	IFT46	+	-	581	divergent_overlapping
chr11	119018691	119018762	RPS25	TRAPPC4	-	+	71	divergent_classic
chr11	126211692	126211723	RPUSD4	FAM118B	-	+	31	divergent_classic
chr11	126269023	126269144	FOXRED1	SRPRA	+	-	121	divergent_overlapping
chr11	134253370	134253547	THYN1	ACAD8	-	+	177	divergent_classic
chr12	389272	389320	CCDC77	KDM5A	+	-	48	divergent_overlapping
chr12	990053	990508	RAD52	ERC1	-	+	455	divergent_classic
chr12	6493355	6493841	NCAPD2	MRPL51	+	-	486	divergent_overlapping
chr12	6765515	6767475	PTMS	MLF2	+	-	1960	divergent_overlapping
chr12	6970780	6970912	PHB2	EMG1	-	+	132	divergent_classic
chr12	21501669	21501780	RECQL	GOLT1B	-	+	111	divergent_classic
chr12	26938326	26938469	INTS13	FGFR1OP2	-	+	143	divergent_classic
chr12	42238349	42238446	YAF2	PPHLN1	-	+	97	divergent_classic
chr12	48105138	48106079	PFKM	SENP1	+	-	941	divergent_overlapping
chr12	49188735	49189080	TUBA1C	TUBA1A	+	-	345	divergent_overlapping
chr12	49707724	49708165	TMBIM6	FMNL3	+	-	441	divergent_overlapping
chr12	53180703	53180925	ZNF740	CSAD	+	-	222	divergent_overlapping
chr12	53500063	53500920	MAP3K12	TARBP2	-	+	857	divergent_classic
chr12	54280133	54280192	CBX5	HNRNPA1	-	+	59	divergent_classic
chr12	55817724	55818040	SARNP	ORMDL2	-	+	316	divergent_classic
chr12	56221933	56222014	RNF41	NABP2	-	+	81	divergent_classic
chr12	57088063	57089042	NEMP1	NAB2	-	+	979	divergent_classic
chr12	57128482	57132139	LRP1	STAT6	+	-	3657	divergent_overlapping
chr12	57520709	57521737	MBD6	DDIT3	+	-	1028	divergent_overlapping
chr12	57755102	57756013	MARCHF9	CDK4	+	-	911	divergent_overlapping
chr12	57771491	57772119	EEF1AKMT3	METTL1	+	-	628	divergent_overlapping
chr12	71664300	71667725	THAP2	ZFC3H1	+	-	3425	divergent_overlapping
chr12	95217482	95217745	FGD6	VEZT	-	+	263	divergent_classic
chr12	105235289	105236203	C12orf75	APPL2	+	-	914	divergent_overlapping
chr12	106301928	106304279	TCP11L2	CKAP4	+	-	2351	divergent_overlapping
chr12	108561400	108562581	SART3	ISCU	-	+	1181	divergent_classic
chr12	109093631	109097596	ALKBH2	UNG	-	+	3965	divergent_classic
chr12	109477359	109477401	KCTD10	UBE3B	-	+	42	divergent_classic
chr12	109573254	109573580	MVK	MMAB	+	-	326	divergent_overlapping
chr12	109996389	109999185	GIT2	ANKRD13A	-	+	2796	divergent_classic
chr12	110468414	110469268	FAM216A	GPN3	+	-	854	divergent_overlapping
chr12	111685956	111686052	BRAP	ACAD10	-	+	96	divergent_classic
chr12	112013185	112013347	TMEM116	ERP29	-	+	162	divergent_classic
chr12	112418350	112418838	PTPN11	RPL6	+	-	488	divergent_overlapping
chr12	113185479	113185525	DDX54	RITA1	-	+	46	divergent_classic
chr12	113358565	113359493	PLBD2	SLC8B1	+	-	928	divergent_overlapping
chr12	118372907	118376554	TAOK3	SUDS3	-	+	3647	divergent_classic
chr12	120446384	120446443	TRIAP1	GATC	-	+	59	divergent_classic
chr12	120533479	120534434	RNF10	COQ5	+	-	955	divergent_overlapping
chr12	121399896	121400082	ANAPC5	RNF34	-	+	186	divergent_classic
chr12	121803403	121804008	RHOF	SETD1B	-	+	605	divergent_classic
chr12	122527000	122527245	RSRC2	KNTC1	-	+	245	divergent_classic
chr12	122980059	122981649	ARL6IP4	ABCB9	+	-	1590	divergent_overlapping
chr12	123633738	123633766	GTF2H3	EIF2B1	+	-	28	divergent_overlapping
chr12	123971844	123972831	ZNF664	CCDC92	+	-	987	divergent_overlapping
chr13	27620529	27620741	LNX2	POLR1D	-	+	212	divergent_classic
chr13	30617597	30617692	HMGB1	USPL1	-	+	95	divergent_classic
chr13	36998815	37000763	EXOSC8	ALG5	+	-	1948	divergent_overlapping
chr13	39038089	39038305	PROSER1	NHLRC3	-	+	216	divergent_classic
chr13	41061440	41061508	ELF1	WBP4	-	+	68	divergent_classic
chr13	44989471	44989528	NUFIP1	GPALPP1	-	+	57	divergent_classic
chr13	48037725	48037968	NUDT15	SUCLA2	+	-	243	divergent_overlapping
chr13	49444064	49444273	CAB39L	SETDB2	-	+	209	divergent_classic
chr13	52450634	52455428	VPS36	CKAP2	-	+	4794	divergent_classic
chr13	72782096	72782132	DIS3	PIBF1	-	+	36	divergent_classic
chr13	75549439	75549482	COMMD6	UCHL3	-	+	43	divergent_classic
chr13	108218368	108218391	LIG4	ABHD13	-	+	23	divergent_classic
chr13	110712735	110713603	ING1	CARS2	+	-	868	divergent_overlapping
chr13	113208192	113208715	CUL4A	PCID2	+	-	523	divergent_overlapping
chr13	113490951	113491020	DCUN1D2	TMCO3	-	+	69	divergent_classic
chr14	20455089	20455190	OSGEP	APEX1	-	+	101	divergent_classic
chr14	20461465	20461991	PIP4P1	PNP	-	+	526	divergent_classic
chr14	21070272	21070872	ARHGEF40	NDRG2	+	-	600	divergent_overlapping
chr14	21476596	21476960	TOX4	RAB2B	+	-	364	divergent_overlapping
chr14	23095504	23095614	C14orf119	ACIN1	+	-	110	divergent_overlapping
chr14	23298789	23302859	BCL2L2	PPP1R3E	+	-	4070	divergent_overlapping
chr14	24146682	24147570	RNF31	PSME2	+	-	888	divergent_overlapping
chr14	24232367	24232421	NEDD8	GMPR2	-	+	54	divergent_classic
chr14	24299780	24299849	DHRS1	NOP9	-	+	69	divergent_classic
chr14	31025105	31026401	AP4S1	STRN3	+	-	1296	divergent_overlapping
chr14	35121845	35122517	PRORP	PPP2R3C	+	-	672	divergent_overlapping
chr14	39109646	39114284	SEC23A	GEMIN2	-	+	4638	divergent_classic
chr14	39170532	39175182	TRAPPC6B	PNN	-	+	4650	divergent_classic
chr14	49598760	49599164	LRR1	RPS29	+	-	404	divergent_overlapping
chr14	49620626	49620798	RPL36AL	MGAT2	-	+	172	divergent_classic
chr14	50312229	50312323	L2HGDH	DMAC2L	-	+	94	divergent_classic
chr14	57268905	57268923	EXOC5	AP5M1	-	+	18	divergent_classic
chr14	58427384	58427531	KIAA0586	TIMM9	+	-	147	divergent_overlapping
chr14	59484408	59484442	L3HYPDH	JKAMP	-	+	34	divergent_classic
chr14	60981113	60981170	SLC38A6	TRMT5	+	-	57	divergent_overlapping
chr14	64503711	64505213	ZBTB1	ZBTB25	+	-	1502	divergent_overlapping
chr14	67360265	67360327	ATP6V1D	EIF2S1	-	+	62	divergent_classic
chr14	69398014	69398299	SLC39A9	ERH	+	-	285	divergent_overlapping
chr14	73949925	73950414	COQ6	FAM161B	+	-	489	divergent_overlapping
chr14	74019348	74019399	BBOF1	ENTPD5	+	-	51	divergent_overlapping
chr14	74084492	74084955	ALDH6A1	LIN52	-	+	463	divergent_classic
chr14	74493755	74494177	ISCA2	NPC2	+	-	422	divergent_overlapping
chr14	74713117	74713143	AREL1	FCF1	-	+	26	divergent_classic
chr14	77457869	77457952	AHSA1	VIPAS39	+	-	83	divergent_overlapping
chr14	77708023	77708070	ALKBH1	SLIRP	-	+	47	divergent_classic
chr14	89954777	89954938	EFCAB11	TDP1	-	+	161	divergent_classic
chr14	92121917	92121968	NDUFB1	CPSF2	-	+	51	divergent_classic
chr14	96363341	96363451	ATG2B	GSKIP	-	+	110	divergent_classic
chr14	99480889	99481168	SETD3	CCNK	-	+	279	divergent_classic
chr14	100376417	100376805	WDR25	WARS1	+	-	388	divergent_overlapping
chr14	102139502	102139699	WDR20	HSP90AA1	+	-	197	divergent_overlapping
chr14	102362916	102362940	CINP	TECPR2	-	+	24	divergent_classic
chr14	103561895	103562657	KLC1	BAG5	+	-	762	divergent_overlapping
chr14	103562657	103562959	BAG5	COA8	-	+	302	divergent_classic
chr14	103715504	103715729	XRCC3	ZFYVE21	-	+	225	divergent_classic
chr15	40565054	40569298	CCDC32	RPUSD2	-	+	4244	divergent_classic
chr15	40807085	40807478	ZFYVE19	DNAJC17	+	-	393	divergent_overlapping
chr15	41408407	41409403	RTF1	NDUFAF1	+	-	996	divergent_overlapping
chr15	42273200	42273534	GANC	TMEM87A	+	-	334	divergent_overlapping
chr15	42491141	42491232	ZNF106	SNAP23	-	+	91	divergent_classic
chr15	42548802	42548827	LRRC57	HAUS2	-	+	25	divergent_classic
chr15	43330582	43330671	LCMT2	ADAL	-	+	89	divergent_classic
chr15	43369220	43371043	TUBGCP4	ZSCAN29	+	-	1823	divergent_overlapping
chr15	45402327	45402335	GATM	SPATA5L1	-	+	8	divergent_classic
chr15	49155655	49155661	GALK2	COPS2	+	-	6	divergent_overlapping
chr15	49620929	49621036	FAM227B	DTWD1	-	+	107	divergent_classic
chr15	55318959	55319113	PIGB	RAB27A	+	-	154	divergent_overlapping
chr15	64093857	64094122	CIAO2A	SNX1	-	+	265	divergent_classic
chr15	66386746	66386836	TIPIN	MAP2K1	-	+	90	divergent_classic
chr15	73994622	73994672	STOML1	PML	-	+	50	divergent_classic
chr15	77420144	77420411	PEAK1	HMG20A	-	+	267	divergent_classic
chr15	78131497	78131535	IDH3A	CIB2	+	-	38	divergent_overlapping
chr15	88467390	88467452	MRPL46	MRPS11	-	+	62	divergent_classic
chr15	100602588	100603230	ASB7	LINS1	+	-	642	divergent_overlapping
chr16	53608	53827	POLR3K	SNRNP25	-	+	219	divergent_classic
chr16	680223	684528	STUB1	JMJD8	+	-	4305	divergent_overlapping
chr16	1351878	1351930	TSR3	GNPTG	-	+	52	divergent_classic
chr16	1826966	1827157	FAHD1	HAGH	+	-	191	divergent_overlapping
chr16	2047866	2047966	NTHL1	TSC2	-	+	100	divergent_classic
chr16	3024026	3024286	THOC6	HCFC1R1	+	-	260	divergent_overlapping
chr16	3401065	3401214	ZSCAN32	ZNF174	-	+	149	divergent_classic
chr16	4425705	4425804	CORO7	DNAJA3	-	+	99	divergent_classic
chr16	4615027	4616492	UBALD1	MGRN1	-	+	1465	divergent_classic
chr16	4846664	4847288	UBN1	GLYR1	+	-	624	divergent_overlapping
chr16	10942468	10944538	DEXI	CLEC16A	-	+	2070	divergent_classic
chr16	11976643	11976733	NPIPB2	SNX29	-	+	90	divergent_classic
chr16	14632728	14632930	PARN	BFAR	-	+	202	divergent_classic
chr16	15643154	15643266	MARF1	NDE1	-	+	112	divergent_classic
chr16	19522123	19523810	GDE1	CCP110	-	+	1687	divergent_classic
chr16	20899867	20900349	LYRM1	ERI2	+	-	482	divergent_overlapping
chr16	23641321	23641465	PALB2	DCTN5	-	+	144	divergent_classic
chr16	27549913	27550132	GTF3C1	KATNIP	-	+	219	divergent_classic
chr16	28846348	28846599	TUFM	SH2B1	-	+	251	divergent_classic
chr16	29454532	29454651	SLX1B	BOLA2-SMG1P6	+	-	119	divergent_overlapping
chr16	29995714	29996074	INO80E	HIRIP3	+	-	360	divergent_overlapping
chr16	30193874	30194306	SLX1A	BOLA2B	+	-	432	divergent_overlapping
chr16	30194306	30199227	BOLA2B	SULT1A3	-	+	4921	divergent_classic
chr16	47461122	47464149	PHKB	ITFG1	+	-	3027	divergent_overlapping
chr16	56451520	56452199	OGFOD1	NUDT21	+	-	679	divergent_overlapping
chr16	57186116	57186136	PSME3IP1	RSPRY1	-	+	20	divergent_classic
chr16	57447420	57447424	CIAPIN1	COQ9	-	+	4	divergent_classic
chr16	57999545	58000672	USB1	ZNF319	+	-	1127	divergent_overlapping
chr16	66552544	66552562	TK2	CKLF	-	+	18	divergent_classic
chr16	66934423	66934443	CIAO2B	CES2	-	+	20	divergent_classic
chr16	67159909	67159931	TRADD	FBXL8	-	+	22	divergent_classic
chr16	69131290	69132588	UTP4	CHTF8	+	-	1298	divergent_overlapping
chr16	69334871	69337995	ENSG00000272617	NIP7	-	+	3124	divergent_classic
chr16	69337995	69339583	NIP7	COG8	+	-	1588	divergent_overlapping
chr16	70289662	70289707	DDX19B	AARS1	+	-	45	divergent_overlapping
chr16	70523560	70523790	COG4	SF3B3	-	+	230	divergent_classic
chr16	71808438	71809201	ATXN1L	AP1G1	+	-	763	divergent_overlapping
chr16	72093612	72094431	DHX38	TXNL4B	+	-	819	divergent_overlapping
chr16	74999023	75000173	ZNRF1	WDR59	+	-	1150	divergent_overlapping
chr16	75647772	75648643	TERF2IP	KARS1	+	-	871	divergent_overlapping
chr16	85798632	85799608	COX4I1	EMC8	+	-	976	divergent_overlapping
chr16	88706408	88706482	RNF166	CTU2	-	+	74	divergent_classic
chr16	88856219	88856970	TRAPPC2L	GALNS	+	-	751	divergent_overlapping
chr16	89490561	89490718	ANKRD11	SPG7	-	+	157	divergent_classic
chr16	89657738	89657739	CHMP1A	SPATA33	-	+	1	divergent_classic
chr16	89720399	89720898	ZNF276	VPS9D1	+	-	499	divergent_overlapping
chr17	782294	782352	GLOD4	MRM3	-	+	58	divergent_classic
chr17	1829701	1830634	RPA1	SMYD4	+	-	933	divergent_overlapping
chr17	2303382	2303785	SRR	SMG6	+	-	403	divergent_overlapping
chr17	2336657	2337497	TSR1	SGSM2	-	+	840	divergent_classic
chr17	3636250	3636458	SHPK	CTNS	-	+	208	divergent_classic
chr17	3668679	3668811	TAX1BP3	EMC6	-	+	132	divergent_classic
chr17	4143030	4143167	ZZEF1	CYB5D2	-	+	137	divergent_classic
chr17	4940007	4940053	RNF167	SLC25A11	+	-	46	divergent_overlapping
chr17	4948091	4949061	ENO3	PFN1	+	-	970	divergent_overlapping
chr17	5419640	5420164	RPAIN	NUP88	+	-	524	divergent_overlapping
chr17	5486284	5486811	MIS12	DERL2	+	-	527	divergent_overlapping
chr17	6640711	6640984	KIAA0753	TXNDC17	-	+	273	divergent_classic
chr17	7217124	7219841	ACADVL	DLG4	+	-	2717	divergent_overlapping
chr17	7251415	7252491	ELP5	CTDNEP1	+	-	1076	divergent_overlapping
chr17	7686070	7687538	WRAP53	TP53	+	-	1468	divergent_overlapping
chr17	7884795	7885238	CHD3	NAA38	+	-	443	divergent_overlapping
chr17	7932100	7932123	CNTROB	TRAPPC1	+	-	23	divergent_overlapping
chr17	8247617	8248058	PFAS	CTC1	+	-	441	divergent_overlapping
chr17	10697593	10698375	ADPRM	SCO1	+	-	782	divergent_overlapping
chr17	15999717	15999783	ZSWIM7	TTC19	-	+	66	divergent_classic
chr17	16217190	16218185	PIGL	NCOR1	+	-	995	divergent_overlapping
chr17	18039209	18039407	ATPAF2	GID4	-	+	198	divergent_classic
chr17	18258738	18260596	FLII	MIEF2	-	+	1858	divergent_classic
chr17	18315007	18315292	TOP3A	SMCR8	-	+	285	divergent_classic
chr17	19377720	19378193	MAPK7	B9D1	+	-	473	divergent_overlapping
chr17	28335489	28335601	IFT20	TNFAIP1	-	+	112	divergent_classic
chr17	28357527	28357641	POLDIP2	TMEM199	-	+	114	divergent_classic
chr17	28662189	28662197	SDF2	SUPT6H	-	+	8	divergent_classic
chr17	28718429	28719984	RAB34	RPL23A	-	+	1555	divergent_classic
chr17	28855009	28855232	ERAL1	FAM222B	+	-	223	divergent_overlapping
chr17	32350023	32350131	C17orf75	ZNF207	-	+	108	divergent_classic
chr17	35578045	35578863	AP2B1	PEX12	+	-	818	divergent_overlapping
chr17	36543435	36544911	MYO19	GGNBP2	-	+	1476	divergent_classic
chr17	37406836	37406885	ACACA	TADA2A	-	+	49	divergent_classic
chr17	40058289	40061215	THRA	MED24	+	-	2926	divergent_overlapping
chr17	42287546	42288633	STAT5A	STAT5B	+	-	1087	divergent_overlapping
chr17	42609640	42610623	TUBG1	RETREG3	+	-	983	divergent_overlapping
chr17	44067619	44070619	LSM12	G6PC3	-	+	3000	divergent_classic
chr17	48101478	48103356	CBX1	SNX11	-	+	1878	divergent_classic
chr17	49788623	49789180	KAT7	FAM117A	+	-	557	divergent_overlapping
chr17	51260163	51260545	MBTD1	UTP18	-	+	382	divergent_classic
chr17	59707191	59707626	VMP1	PTRH2	+	-	435	divergent_overlapping
chr17	59892945	59893045	TUBD1	RPS6KB1	-	+	100	divergent_classic
chr17	63773602	63776351	DDX42	CCDC47	+	-	2749	divergent_overlapping
chr17	63827151	63830012	PSMC5	FTSJ3	+	-	2861	divergent_overlapping
chr17	64506864	64508199	CEP95	DDX5	+	-	1335	divergent_overlapping
chr17	73232232	73236753	C17orf80	FAM104A	+	-	4521	divergent_overlapping
chr17	74776367	74776498	NAT9	TMEM104	-	+	131	divergent_classic
chr17	75261673	75262363	MRPS7	GGA3	+	-	690	divergent_overlapping
chr17	75667189	75667250	RECQL5	SAP30BP	-	+	61	divergent_classic
chr17	75784805	75785893	UNK	H3-3B	+	-	1088	divergent_overlapping
chr17	75979177	75979239	ACOX1	TEN1	-	+	62	divergent_classic
chr17	76726799	76726829	JMJD6	METTL23	-	+	30	divergent_classic
chr17	76735864	76737333	MFSD11	SRSF2	+	-	1469	divergent_overlapping
chr17	80219698	80220923	SLC26A11	SGSH	+	-	1225	divergent_overlapping
chr17	81239091	81239304	TEPSIN	NDUFAF8	-	+	213	divergent_classic
chr17	81683325	81683797	HGS	ARL16	+	-	472	divergent_overlapping
chr17	81890789	81891586	ANAPC11	ALYREF	+	-	797	divergent_overlapping
chr17	82050690	82051831	GPS1	RFNG	+	-	1141	divergent_overlapping
chr17	82418317	82418637	HEXD	OGFOD3	+	-	320	divergent_overlapping
chr18	12658042	12658107	PSMG2	SPIRE1	+	-	65	divergent_overlapping
chr18	13726659	13726663	RNMT	FAM210A	+	-	4	divergent_overlapping
chr18	21704780	21704956	ABHD3	MIB1	-	+	176	divergent_classic
chr18	36129385	36129443	SLC39A6	ELP2	-	+	58	divergent_classic
chr18	36829105	36829216	KIAA1328	TPGS2	+	-	111	divergent_overlapping
chr18	46104334	46104377	ATP5F1A	HAUS1	-	+	43	divergent_classic
chr18	56651342	56651600	WDR7	TXNL1	+	-	258	divergent_overlapping
chr18	62187118	62187254	PIGN	RELCH	-	+	136	divergent_classic
chr18	75209139	75210754	PTGR3	TSHZ1	-	+	1615	divergent_classic
chr18	80033949	80034388	TXNL4A	RBFA	-	+	439	divergent_classic
chr19	2163932	2164468	DOT1L	AP3D1	+	-	536	divergent_overlapping
chr19	2236823	2237704	SF3A2	PLEKHJ1	+	-	881	divergent_overlapping
chr19	2328611	2328614	LSM7	SPPL2B	-	+	3	divergent_classic
chr19	2783362	2785502	SGTA	THOP1	-	+	2140	divergent_classic
chr19	3572776	3574290	HMG20B	MFSD12	+	-	1514	divergent_overlapping
chr19	4400547	4402639	SH3GL1	CHAF1A	-	+	2092	divergent_classic
chr19	5623034	5624046	SAFB	SAFB2	+	-	1012	divergent_overlapping
chr19	6737580	6737924	GPR108	TRIP10	-	+	344	divergent_classic
chr19	7629545	7629787	XAB2	PET100	-	+	242	divergent_classic
chr19	8321157	8321375	RPS28	NDUFA7	+	-	218	divergent_overlapping
chr19	9827816	9827891	FBXL12	UBL5	-	+	75	divergent_classic
chr19	10416772	10420121	PDE4A	CDC37	+	-	3349	divergent_overlapping
chr19	10928681	10928810	YIPF2	TIMM29	-	+	129	divergent_classic
chr19	11344683	11346270	CCDC159	RAB3D	+	-	1587	divergent_overlapping
chr19	11559230	11559373	ELOF1	ZNF627	-	+	143	divergent_classic
chr19	12666742	12666801	MAN2B1	WDR83	-	+	59	divergent_classic
chr19	12666801	12669415	WDR83	WDR83OS	+	-	2614	divergent_overlapping
chr19	12734684	12737138	TRIR	GET3	-	+	2454	divergent_classic
chr19	12801800	12806583	PRDX2	RNASEH2A	-	+	4783	divergent_classic
chr19	12934037	12938577	FARSA	CALR	-	+	4540	divergent_classic
chr19	13116861	13117567	NACC1	TRMT1	+	-	706	divergent_overlapping
chr19	13150383	13150410	STX10	IER2	-	+	27	divergent_classic
chr19	17334855	17334919	ANO8	GTPBP3	-	+	64	divergent_classic
chr19	17405630	17405721	BST2	MVB12A	-	+	91	divergent_classic
chr19	18919387	18919704	COPE	DDX49	-	+	317	divergent_classic
chr19	19033574	19034023	ARMC6	SUGP2	+	-	449	divergent_overlapping
chr19	19192228	19192591	RFXANK	BORCS8	+	-	363	divergent_overlapping
chr19	19320509	19320828	SUGP1	MAU2	-	+	319	divergent_classic
chr19	35742453	35745599	IGFLR1	PSENEN	-	+	3146	divergent_classic
chr19	36114288	36115213	TBCB	POLR2I	+	-	925	divergent_overlapping
chr19	36850360	36850787	ZNF345	ZNF790	+	-	427	divergent_overlapping
chr19	37467584	37469275	ZNF570	ZNF569	+	-	1691	divergent_overlapping
chr19	38930763	38930943	SARS2	MRPS12	-	+	180	divergent_classic
chr19	39342372	39342420	GMFG	SAMD4B	-	+	48	divergent_classic
chr19	39391154	39391302	PAF1	MED29	-	+	148	divergent_classic
chr19	39435949	39436155	RPS16	SUPT5H	-	+	206	divergent_classic
chr19	40348455	40348527	PLD3	C19orf47	+	-	72	divergent_overlapping
chr19	41397362	41397807	EXOSC5	BCKDHA	-	+	445	divergent_classic
chr19	42220140	42220291	DEDD2	ZNF526	-	+	151	divergent_classic
chr19	43596134	43596391	IRGQ	ZNF576	-	+	257	divergent_classic
chr19	45178237	45178783	TRAPPC6A	BLOC1S3	-	+	546	divergent_classic
chr19	46746045	46746994	FKRP	STRN4	+	-	949	divergent_overlapping
chr19	47113273	47113776	SAE1	ZC3H4	+	-	503	divergent_overlapping
chr19	48619184	48619290	RPL18	SPHK2	-	+	106	divergent_classic
chr19	48993310	48993561	GYS1	RUVBL2	-	+	251	divergent_classic
chr19	49590262	49591181	NOSIP	PRR12	-	+	919	divergent_classic
chr19	49640143	49642208	RRAS	SCAF1	-	+	2065	divergent_classic
chr19	49817376	49818281	FUZ	MED25	-	+	905	divergent_classic
chr19	49877665	49878351	TBC1D17	PNKP	+	-	686	divergent_overlapping
chr19	49928701	49929764	ATF5	NUP62	+	-	1063	divergent_overlapping
chr19	50025713	50025946	ZNF473	VRK3	+	-	233	divergent_overlapping
chr19	52170935	52171643	PPP2R1A	ZNF836	+	-	708	divergent_overlapping
chr19	54115409	54115657	PRPF31	TFPT	+	-	248	divergent_overlapping
chr19	55600021	55601970	ZNF524	FIZ1	+	-	1949	divergent_overlapping
chr2	264139	266398	ACP1	SH3YL1	+	-	2259	divergent_overlapping
chr2	3377830	3379674	EIPR1	TRAPPC12	-	+	1844	divergent_classic
chr2	9423528	9423650	ITGB1BP1	CPSF3	-	+	122	divergent_classic
chr2	23927123	23927284	ATAD2B	UBXN2A	-	+	161	divergent_classic
chr2	24049575	24049700	WDCP	FKBP1B	-	+	125	divergent_classic
chr2	24076373	24076525	SF3B6	FAM228B	-	+	152	divergent_classic
chr2	26243169	26244672	HADHB	HADHA	+	-	1503	divergent_overlapping
chr2	27212040	27212958	ATRAID	SLC5A6	+	-	918	divergent_overlapping
chr2	27212958	27217368	SLC5A6	CAD	-	+	4410	divergent_classic
chr2	27370338	27370495	EIF2B4	SNX17	-	+	157	divergent_classic
chr2	27628246	27629012	GPN1	CCDC121	+	-	766	divergent_overlapping
chr2	27663425	27663840	SLC4A1AP	SUPT7L	+	-	415	divergent_overlapping
chr2	27889940	27890681	BABAM2	RBKS	+	-	741	divergent_overlapping
chr2	37084372	37084517	HEATR5B	GPATCH11	-	+	145	divergent_classic
chr2	37231596	37231630	CEBPZ	NDUFAF7	-	+	34	divergent_classic
chr2	38751494	38751533	SRSF7	GEMIN6	-	+	39	divergent_classic
chr2	38875934	38875975	DHX57	MORN2	-	+	41	divergent_classic
chr2	44361862	44361946	PREPL	CAMKMT	-	+	84	divergent_classic
chr2	46616415	46617055	CRIPT	PIGF	+	-	640	divergent_overlapping
chr2	53970837	53970993	ACYP2	PSME4	+	-	156	divergent_overlapping
chr2	61017224	61018259	PEX13	PUS10	+	-	1035	divergent_overlapping
chr2	61888671	61888723	CCT4	COMMD1	-	+	52	divergent_classic
chr2	68157549	68157887	DNAAF10	PNO1	-	+	338	divergent_classic
chr2	71130239	71130309	MCEE	MPHOSPH10	-	+	70	divergent_classic
chr2	73233239	73233419	PRADC1	CCT7	-	+	180	divergent_classic
chr2	74483072	74483408	TTC31	CCDC142	+	-	336	divergent_overlapping
chr2	74529595	74529760	HTRA2	AUP1	+	-	165	divergent_overlapping
chr2	85354393	85354531	ELMOD3	RETSAT	+	-	138	divergent_overlapping
chr2	85561532	85561561	GGCX	VAMP8	-	+	29	divergent_classic
chr2	85602855	85603196	USP39	TMEM150A	+	-	341	divergent_overlapping
chr2	86106155	86106222	POLR1A	PTCD3	-	+	67	divergent_classic
chr2	86195472	86199354	IMMT	MRPL35	-	+	3882	divergent_classic
chr2	96265997	96266158	TMEM127	CIAO1	-	+	161	divergent_classic
chr2	98608515	98608578	COA5	UNC50	-	+	63	divergent_classic
chr2	99181058	99181151	MITD1	MRPL30	-	+	93	divergent_classic
chr2	99337370	99340702	EIF5B	TXNDC9	+	-	3332	divergent_overlapping
chr2	101252866	101252885	TBC1D8	CNOT11	-	+	19	divergent_classic
chr2	119366834	119366923	C2orf76	DBI	-	+	89	divergent_classic
chr2	121736911	121737102	NIFK	TSN	-	+	191	divergent_classic
chr2	130181736	130182750	MZT2B	SMPD4	+	-	1014	divergent_overlapping
chr2	130342699	130342876	CCDC115	IMP4	-	+	177	divergent_classic
chr2	148021010	148021604	MBD5	ORC4	+	-	594	divergent_overlapping
chr2	169824931	169827453	METTL5	UBR3	-	+	2522	divergent_classic
chr2	171434216	171434802	DCAF17	METTL8	+	-	586	divergent_overlapping
chr2	174395712	174395729	CIR1	SCRN3	-	+	17	divergent_classic
chr2	177392745	177392756	AGPS	NFE2L2	+	-	11	divergent_overlapping
chr2	189784084	189784364	PMS1	ORMDL1	+	-	280	divergent_overlapping
chr2	190343569	190344193	INPP1	HIBCH	+	-	624	divergent_overlapping
chr2	197515570	197516737	MOB4	HSPD1	+	-	1167	divergent_overlapping
chr2	200889303	200889326	PPIL3	NIF3L1	-	+	23	divergent_classic
chr2	201071432	201071671	NDUFB3	HYCC2	+	-	239	divergent_overlapping
chr2	206159509	206159584	NDUFS1	EEF1B2	-	+	75	divergent_classic
chr2	208266074	208266254	IDH1	PIKFYVE	-	+	180	divergent_classic
chr2	218269650	218270178	PNKD	AAMP	+	-	528	divergent_overlapping
chr2	218658763	218659655	BCS1L	ZNF142	+	-	892	divergent_overlapping
chr2	218672002	218672068	RNF25	STK36	-	+	66	divergent_classic
chr2	219176224	219178106	RETREG2	CNPPD1	+	-	1882	divergent_overlapping
chr2	219229717	219229782	ATG9A	ANKZF1	-	+	65	divergent_classic
chr2	219277902	219279341	TUBA4A	DNAJB2	-	+	1439	divergent_classic
chr2	231781670	231786272	COPS7B	PDE6D	+	-	4602	divergent_overlapping
chr2	241315099	241317061	SEPTIN2	HDLBP	+	-	1962	divergent_overlapping
chr2	241637158	241637212	THAP4	ATG4B	-	+	54	divergent_classic
chr2	241686944	241687084	DTYMK	ING5	-	+	140	divergent_classic
chr20	2840702	2841190	VPS16	PCED1A	+	-	488	divergent_overlapping
chr20	3204685	3208867	DDRGK1	ITPA	-	+	4182	divergent_classic
chr20	3786740	3786771	CENPB	CDC25B	-	+	31	divergent_classic
chr20	5126626	5126878	PCNA	CDS2	-	+	252	divergent_classic
chr20	17968980	17969017	SNX5	MGME1	-	+	37	divergent_classic
chr20	32207743	32207854	PLAGL2	POFUT1	-	+	111	divergent_classic
chr20	34872145	34872856	ACSS2	GGT7	+	-	711	divergent_overlapping
chr20	35699271	35699355	ROMO1	NFS1	+	-	84	divergent_overlapping
chr20	35954563	35959472	CNBD2	SCAND1	+	-	4909	divergent_overlapping
chr20	38033461	38033724	TTI1	RPRD1B	-	+	263	divergent_classic
chr20	45890143	45891208	CTSA	NEURL2	+	-	1065	divergent_overlapping
chr20	62143440	62143768	PSMA7	SS18L1	-	+	328	divergent_classic
chr20	62937952	62938146	DIDO1	GID8	-	+	194	divergent_classic
chr20	63707464	63708025	ZGPAT	ARFRP1	+	-	561	divergent_overlapping
chr21	25734569	25735673	GABPA	ATP5PF	+	-	1104	divergent_overlapping
chr21	29073797	29077220	CCT8	MAP3K7CL	-	+	3423	divergent_classic
chr21	33543037	33543491	SON	GART	+	-	454	divergent_overlapping
chr21	33642399	33643926	ITSN1	CRYZL1	+	-	1527	divergent_overlapping
chr21	37073170	37073225	PIGP	TTC3	-	+	55	divergent_classic
chr21	42879568	42879643	WDR4	NDUFV3	-	+	75	divergent_classic
chr21	46286297	46286341	MCM3AP	YBEY	-	+	44	divergent_classic
chr22	17628749	17628854	ATP6V1E1	BCL2L13	-	+	105	divergent_classic
chr22	19941370	19941820	COMT	TXNRD2	+	-	450	divergent_overlapping
chr22	20115937	20117392	RANBP1	TRMT2A	+	-	1455	divergent_overlapping
chr22	20495844	20495912	KLHL22	MED15	-	+	68	divergent_classic
chr22	20859006	20859417	SNAP29	PI4KA	+	-	411	divergent_overlapping
chr22	24555935	24555957	GUCD1	SNRPD3	-	+	22	divergent_classic
chr22	26483876	26483931	SRRD	HPS4	+	-	55	divergent_overlapping
chr22	29767011	29767368	ZMAT5	UQCR10	-	+	357	divergent_classic
chr22	30421771	30425622	RNF215	MTFP1	-	+	3851	divergent_classic
chr22	30607002	30607083	TCN2	PES1	+	-	81	divergent_overlapping
chr22	30968774	30969244	MORC2	TUG1	-	+	470	divergent_classic
chr22	31750140	31753866	PRR14L	DEPDC5	-	+	3726	divergent_classic
chr22	37848867	37849327	EIF3L	ANKRD54	+	-	460	divergent_overlapping
chr22	38701556	38705741	JOSD1	GTPBP1	-	+	4185	divergent_classic
chr22	40856639	40857076	ST13	XPNPEP3	-	+	437	divergent_classic
chr22	41446801	41447829	TOB2	ACO2	-	+	1028	divergent_classic
chr22	41621043	41621162	DESI1	XRCC6	-	+	119	divergent_classic
chr22	49918166	49918438	CRELD2	ALG12	+	-	272	divergent_overlapping
chr22	50507702	50508223	LMF2	NCAPH2	-	+	521	divergent_classic
chr3	9792494	9793011	ARPC4	TADA3	+	-	517	divergent_overlapping
chr3	14124870	14125014	CHCHD4	TMEM43	-	+	144	divergent_classic
chr3	14178621	14178816	XPC	LSM3	-	+	195	divergent_classic
chr3	15601340	15601852	BTD	HACL1	+	-	512	divergent_overlapping
chr3	16264969	16265159	DPH3	OXNAD1	-	+	190	divergent_classic
chr3	23945285	23946591	NR1D2	NKIRAS1	+	-	1306	divergent_overlapping
chr3	36993131	36993225	EPM2AIP1	MLH1	-	+	94	divergent_classic
chr3	42600654	42601080	NKTR	SEC22C	+	-	426	divergent_overlapping
chr3	43690107	43691594	ABHD5	ANO10	+	-	1487	divergent_overlapping
chr3	44975240	44976185	EXOSC7	ZDHHC3	+	-	945	divergent_overlapping
chr3	47282916	47283451	KLHL18	KIF9	+	-	535	divergent_overlapping
chr3	48440256	48440456	TMA7	CCDC51	+	-	200	divergent_overlapping
chr3	49020458	49022293	NDUFAF3	DALRD3	+	-	1835	divergent_overlapping
chr3	49412211	49412998	TCTA	RHOA	+	-	787	divergent_overlapping
chr3	49689501	49689537	MST1	RNF123	-	+	36	divergent_classic
chr3	50350826	50350844	NPRL2	CYB561D2	-	+	18	divergent_classic
chr3	51941904	51942344	RRP9	PARP3	-	+	440	divergent_classic
chr3	51971425	51974016	ABHD14A	PCBP4	+	-	2591	divergent_overlapping
chr3	51983339	51983409	ACY1	ABHD14B	+	-	70	divergent_overlapping
chr3	52681155	52685917	GNL3	PBRM1	+	-	4762	divergent_overlapping
chr3	52704954	52706032	SPCS1	GLT8D1	+	-	1078	divergent_overlapping
chr3	63863154	63863868	ATXN7	THOC7	+	-	714	divergent_overlapping
chr3	69080408	69084936	UBA3	ARL6IP5	-	+	4528	divergent_classic
chr3	88149885	88149958	CGGBP1	C3orf38	-	+	73	divergent_classic
chr3	94062979	94063389	NSUN3	DHFR2	+	-	410	divergent_overlapping
chr3	112561708	112562046	SLC35A5	ATG3	+	-	338	divergent_overlapping
chr3	113746300	113746769	NAA50	ATP6V1A	-	+	469	divergent_classic
chr3	119468830	119468962	TMEM39A	POGLUT1	-	+	132	divergent_classic
chr3	120742636	120742993	GTF2E1	RABL3	+	-	357	divergent_overlapping
chr3	122383231	122384160	MIX23	FAM162A	-	+	929	divergent_classic
chr3	122793831	122795068	HSPBAP1	SLC49A4	-	+	1237	divergent_classic
chr3	127598267	127598409	TPRA1	MCM2	-	+	142	divergent_classic
chr3	128051640	128052190	SEC61A1	MGLL	+	-	550	divergent_overlapping
chr3	134485698	134486716	CEP63	ANAPC13	+	-	1018	divergent_overlapping
chr3	150602874	150603228	SELENOT	SERP1	+	-	354	divergent_overlapping
chr3	161104695	161105411	NMD3	B3GALNT1	+	-	716	divergent_overlapping
chr3	167734939	167735242	PDCD10	SERPINI1	-	+	303	divergent_classic
chr3	179604649	179604689	MRPL47	NDUFB5	-	+	40	divergent_classic
chr3	186567402	186570543	DNAJB11	TBCCD1	+	-	3141	divergent_overlapping
chr3	196568610	196568674	FBXO45	WDR53	+	-	64	divergent_overlapping
chr3	196942594	196942673	NCBP2	NCBP2AS2	-	+	79	divergent_classic
chr3	197960142	197960199	IQCG	LMLN	-	+	57	divergent_classic
chr4	499156	499209	ZNF721	PIGG	-	+	53	divergent_classic
chr4	673579	674330	MYL5	ATP5ME	+	-	751	divergent_overlapping
chr4	932373	932386	GAK	TMEM175	-	+	13	divergent_classic
chr4	1712344	1712857	SLBP	TACC3	-	+	513	divergent_classic
chr4	8436139	8440723	TRMT44	ACOX3	+	-	4584	divergent_overlapping
chr4	15681661	15681679	FAM200B	FBXL5	+	-	18	divergent_overlapping
chr4	25861829	25863760	SMIM20	SEL1L3	+	-	1931	divergent_overlapping
chr4	39458931	39459003	RPL9	LIAS	-	+	72	divergent_classic
chr4	56435615	56435740	PPAT	PAICS	-	+	125	divergent_classic
chr4	56977606	56977721	NOA1	POLR2B	-	+	115	divergent_classic
chr4	75513945	75514764	THAP6	RCHY1	+	-	819	divergent_overlapping
chr4	75724576	75724589	USO1	G3BP2	+	-	13	divergent_overlapping
chr4	82430462	82430589	HNRNPDL	ENOPH1	-	+	127	divergent_classic
chr4	82900683	82901166	THAP9	SEC31A	+	-	483	divergent_overlapping
chr4	83455855	83455931	HELQ	MRPS18C	-	+	76	divergent_classic
chr4	89111398	89111532	FAM13A	TIGD2	-	+	134	divergent_classic
chr4	106315543	106316683	AIMP1	TBCK	+	-	1140	divergent_overlapping
chr4	127965314	127966034	ABHD18	MFSD8	+	-	720	divergent_overlapping
chr4	129093316	129093600	C4orf33	SCLT1	+	-	284	divergent_overlapping
chr4	139301445	139302551	NAA15	NDUFC1	+	-	1106	divergent_overlapping
chr4	145098287	145098541	ABCE1	ANAPC10	+	-	254	divergent_overlapping
chr4	165207560	165208549	KLHL2	TMEM192	+	-	989	divergent_overlapping
chr4	174283667	174283729	FBXO8	CEP44	-	+	62	divergent_classic
chr4	183659203	183659266	RWDD4	TRAPPC11	-	+	63	divergent_classic
chr4	184649666	184650062	PRIMPOL	CASP3	+	-	396	divergent_overlapping
chr5	218153	218302	CCDC127	SDHA	-	+	149	divergent_classic
chr5	1801366	1801406	MRPL36	NDUFS6	-	+	40	divergent_classic
chr5	10249897	10249928	ATPSCKMT	CCT5	-	+	31	divergent_classic
chr5	31532196	31532286	DROSHA	C5orf22	-	+	90	divergent_classic
chr5	34915676	34918989	BRIX1	RAD1	+	-	3313	divergent_overlapping
chr5	36151887	36151988	LMBRD2	SKP2	-	+	101	divergent_classic
chr5	55307694	55307988	DHX29	MTREX	-	+	294	divergent_classic
chr5	62403943	62403971	DIMT1	IPO11	-	+	28	divergent_classic
chr5	64766367	64768691	CWC27	SREK1IP1	+	-	2324	divergent_overlapping
chr5	65625003	65625975	TRAPPC13	TRIM23	+	-	972	divergent_overlapping
chr5	69369292	69370013	RAD17	AK6	+	-	721	divergent_overlapping
chr5	73565442	73565667	UTP15	ANKRA2	+	-	225	divergent_overlapping
chr5	74640022	74641424	HEXB	ENC1	+	-	1402	divergent_overlapping
chr5	74766990	74767147	NSA2	GFM2	+	-	157	divergent_overlapping
chr5	75511844	75512138	POLK	CERT1	+	-	294	divergent_overlapping
chr5	80654651	80654983	MSH3	DHFR	+	-	332	divergent_overlapping
chr5	83077497	83077863	XRCC4	TMEM167A	+	-	366	divergent_overlapping
chr5	95555050	95555100	SKIC3	ARSK	-	+	50	divergent_classic
chr5	115841591	115841837	AP3S1	ATG12	+	-	246	divergent_overlapping
chr5	134648784	134649271	SEC24A	SAR1B	+	-	487	divergent_overlapping
chr5	140647057	140647771	IK	NDUFA2	+	-	714	divergent_overlapping
chr5	140691429	140691537	HARS2	HARS1	+	-	108	divergent_overlapping
chr5	149551471	149551946	CSNK1A1	ARHGEF37	-	+	475	divergent_classic
chr5	150000045	150000654	HMGXB3	TIGD6	+	-	609	divergent_overlapping
chr5	151771044	151772532	G3BP1	ATOX1	+	-	1488	divergent_overlapping
chr5	154038936	154038958	FAM114A2	MFAP3	-	+	22	divergent_classic
chr5	154857552	154859252	CNOT8	FAXDC2	+	-	1700	divergent_overlapping
chr5	154938211	154941072	GEMIN5	MRPL22	-	+	2861	divergent_classic
chr5	160421711	160421854	SLU7	PTTG1	-	+	143	divergent_classic
chr5	176361807	176365486	KIAA1191	ARL10	-	+	3679	divergent_classic
chr5	176388750	176388927	HIGD2A	NOP16	+	-	177	divergent_overlapping
chr5	177022633	177022695	UIMC1	ZNF346	-	+	62	divergent_classic
chr5	177303744	177303798	RAB24	PRELID1	-	+	54	divergent_classic
chr5	179806397	179806952	SQSTM1	MGAT4B	+	-	555	divergent_overlapping
chr6	5260950	5261043	LYRM4	FARS2	-	+	93	divergent_classic
chr6	18155077	18155328	TPMT	KDM1B	-	+	251	divergent_classic
chr6	24666930	24667034	TDP2	ACOT13	-	+	104	divergent_classic
chr6	30717434	30717447	TUBB	MDC1	+	-	13	divergent_overlapping
chr6	31665226	31666283	CSNK2B	GPANK1	+	-	1057	divergent_overlapping
chr6	31666283	31669975	GPANK1	LY6G5B	-	+	3692	divergent_classic
chr6	33289247	33289301	WDR46	PFDN6	-	+	54	divergent_classic
chr6	33418317	33419660	CUTA	SYNGAP1	-	+	1343	divergent_classic
chr6	34889192	34889254	TAF11	ANKS1A	-	+	62	divergent_classic
chr6	36871869	36874803	C6orf89	PPIL1	+	-	2934	divergent_overlapping
chr6	41786542	41787661	FRS3	TOMM6	-	+	1119	divergent_classic
chr6	41921139	41921498	MED20	BYSL	-	+	359	divergent_classic
chr6	42050357	42050512	CCND3	TAF8	-	+	155	divergent_classic
chr6	43014102	43016868	KLHDC3	MEA1	+	-	2766	divergent_overlapping
chr6	43016868	43021622	MEA1	RRP36	-	+	4754	divergent_classic
chr6	43576038	43576184	XPO5	POLH	-	+	146	divergent_classic
chr6	43629264	43629539	GTPBP2	MAD2L1BP	-	+	275	divergent_classic
chr6	44126913	44127452	TMEM63B	MRPL14	+	-	539	divergent_overlapping
chr6	49463253	49463369	MMUT	CENPQ	-	+	116	divergent_classic
chr6	106629498	106629577	RTN4IP1	QRSL1	-	+	79	divergent_classic
chr6	109094846	109095109	SESN1	CEP57L1	-	+	263	divergent_classic
chr6	109690608	109691217	FIG4	AK9	+	-	609	divergent_overlapping
chr6	110180004	110180140	WASF1	CDC40	-	+	136	divergent_classic
chr6	112087529	112087590	TUBE1	FAM229B	-	+	61	divergent_classic
chr6	116254075	116254172	TSPYL4	DSE	-	+	97	divergent_classic
chr6	132813339	132814568	SLC18B1	RPS12	-	+	1229	divergent_classic
chr6	149749443	149749665	PCMT1	NUP43	+	-	222	divergent_overlapping
chr6	151452158	151452257	RMND1	ARMT1	-	+	99	divergent_classic
chr6	159789703	159789811	TCP1	MRPL18	-	+	108	divergent_classic
chr6	170553307	170554301	PSMB1	TBP	-	+	994	divergent_classic
chr7	726698	727650	DNAAF5	PRKAR1B	+	-	952	divergent_overlapping
chr7	2242205	2242225	MRM2	NUDT1	-	+	20	divergent_classic
chr7	2354085	2354318	EIF3B	SNX8	+	-	233	divergent_overlapping
chr7	6009130	6009254	PMS2	AIMP2	-	+	124	divergent_classic
chr7	16645817	16646130	ANKMY2	BZW2	-	+	313	divergent_classic
chr7	26201161	26201529	CBX3	HNRNPA2B1	+	-	368	divergent_overlapping
chr7	30026702	30027403	FKBP14	PLEKHA8	-	+	701	divergent_classic
chr7	32495283	32495425	LSM5	AVL9	-	+	142	divergent_classic
chr7	42932185	42932375	PSMA2	MRPL32	-	+	190	divergent_classic
chr7	43926411	43926435	URGCP	UBE2D4	-	+	24	divergent_classic
chr7	56051604	56051684	PSPH	CCT6A	-	+	80	divergent_classic
chr7	66995172	66995693	TYW1	SBDS	+	-	521	divergent_overlapping
chr7	73683453	73683596	DNAJC30	BUD23	-	+	143	divergent_classic
chr7	76048004	76048050	STYXL1	MDH2	-	+	46	divergent_classic
chr7	77798434	77798772	TMEM60	PHTF2	-	+	338	divergent_classic
chr7	92245973	92246166	ANKIB1	KRIT1	+	-	193	divergent_overlapping
chr7	92528520	92528772	PEX1	RBM48	-	+	252	divergent_classic
chr7	98252232	98252378	TECPR1	BRI3	-	+	146	divergent_classic
chr7	99408597	99408640	PDAP1	BUD31	-	+	43	divergent_classic
chr7	99504661	99504857	ZKSCAN5	ZNF394	+	-	196	divergent_overlapping
chr7	99558405	99558536	ZNF655	FAM200A	+	-	131	divergent_overlapping
chr7	100101548	100101940	AP4M1	MCM7	+	-	392	divergent_overlapping
chr7	100119633	100119841	CNPY4	TAF6	+	-	208	divergent_overlapping
chr7	100428321	100428992	MEPCE	ZCWPW1	+	-	671	divergent_overlapping
chr7	101218164	101218420	ZNHIT1	PLOD3	+	-	256	divergent_overlapping
chr7	102464863	102464955	ALKBH4	LRWD1	-	+	92	divergent_classic
chr7	108569750	108569866	THAP5	DNAJB9	-	+	116	divergent_classic
chr7	150800402	150801360	TMEM176A	TMEM176B	+	-	958	divergent_overlapping
chr7	151057209	151057897	SLC4A2	CDK5	+	-	688	divergent_overlapping
chr7	151083493	151085830	TMUB1	AGAP3	-	+	2337	divergent_classic
chr8	17246878	17246930	CNOT7	VPS37A	-	+	52	divergent_classic
chr8	27311272	27311481	TRIM35	PTK2B	-	+	209	divergent_classic
chr8	28890242	28890394	INTS9	HMBOX1	-	+	152	divergent_classic
chr8	30727846	30729130	GSR	UBXN8	-	+	1284	divergent_classic
chr8	38176532	38176730	BAG4	LSM1	+	-	198	divergent_overlapping
chr8	38996753	38996824	ADAM9	TM2D2	+	-	71	divergent_overlapping
chr8	42541154	42541926	SMIM19	SLC20A2	+	-	772	divergent_overlapping
chr8	42896945	42897290	HOOK3	RNF170	+	-	345	divergent_overlapping
chr8	47960178	47960184	PRKDC	MCM4	-	+	6	divergent_classic
chr8	55773407	55773445	TMEM68	TGS1	-	+	38	divergent_classic
chr8	73294601	73295789	RDH10	RPL7	+	-	1188	divergent_overlapping
chr8	73972307	73972436	ELOC	TMEM70	-	+	129	divergent_classic
chr8	86514357	86514434	RMDN1	CPNE3	-	+	77	divergent_classic
chr8	90001404	90003228	DECR1	NBN	+	-	1824	divergent_overlapping
chr8	103414713	103415189	DCAF13	SLC25A32	+	-	476	divergent_overlapping
chr8	108443496	108443600	EIF3E	EMC2	-	+	104	divergent_classic
chr8	116766504	116766925	UTP23	EIF3H	+	-	421	divergent_overlapping
chr8	123041967	123042302	TBC1D31	DERL1	+	-	335	divergent_overlapping
chr8	124539100	124539458	NDUFB9	TATDN1	+	-	358	divergent_overlapping
chr8	125091678	125091819	NSMCE2	WASHC5	+	-	141	divergent_overlapping
chr8	144104460	144108124	MAF1	SHARPIN	+	-	3664	divergent_overlapping
chr9	26947038	26947242	IFT74	PLAA	+	-	204	divergent_overlapping
chr9	32551143	32552586	SMIM27	TOPORS	+	-	1443	divergent_overlapping
chr9	33025130	33025272	APTX	DNAJA1	-	+	142	divergent_classic
chr9	33264720	33264878	BAG1	CHMP5	-	+	158	divergent_classic
chr9	34637844	34638132	SIGMAR1	GALT	-	+	288	divergent_classic
chr9	35732195	35732597	TLN1	CREB3	-	+	402	divergent_classic
chr9	35749228	35749286	GBA2	RGP1	-	+	58	divergent_classic
chr9	35814450	35815354	TMEM8B	HINT2	+	-	904	divergent_overlapping
chr9	71911193	71911509	ABHD17B	C9orf85	-	+	316	divergent_classic
chr9	75088217	75088513	NMRK1	OSTF1	-	+	296	divergent_classic
chr9	83980631	83980797	HNRNPK	RMI1	-	+	166	divergent_classic
chr9	93451684	93453581	FAM120A	FAM120AOS	+	-	1897	divergent_overlapping
chr9	97633368	97633667	TSTD2	NCBP1	-	+	299	divergent_classic
chr9	99221942	99222063	ALG2	SEC61B	-	+	121	divergent_classic
chr9	100099052	100099242	ERP44	INVS	-	+	190	divergent_classic
chr9	101398618	101398850	MRPL50	ZNF189	-	+	232	divergent_classic
chr9	108934328	108934399	ELP1	ABITRAM	-	+	71	divergent_classic
chr9	113221458	113221543	FKBP15	SLC31A1	-	+	85	divergent_classic
chr9	113275572	113275641	CDC26	PRPF4	-	+	69	divergent_classic
chr9	122264602	122264840	MRRF	RBM18	+	-	238	divergent_overlapping
chr9	124861981	124862129	RPL35	ARPC5L	-	+	148	divergent_classic
chr9	127451406	127451488	RPL12	LRSAM1	-	+	82	divergent_classic
chr9	127578989	127579369	NIBAN2	STXBP1	-	+	380	divergent_classic
chr9	128275378	128276026	SWI5	GOLGA2	+	-	648	divergent_overlapping
chr9	128322447	128322543	TRUB2	COQ4	-	+	96	divergent_classic
chr9	128882132	128882494	LRRC8A	KYAT1	+	-	362	divergent_overlapping
chr9	128947603	128947698	DOLK	NUP188	-	+	95	divergent_classic
chr9	129110949	129111189	PTPA	CRAT	+	-	240	divergent_overlapping
chr9	129834697	129835863	USP20	C9orf78	+	-	1166	divergent_overlapping
chr9	132670034	132670401	GTF3C4	DDX31	+	-	367	divergent_overlapping
chr9	133348131	133348217	MED22	RPL7A	-	+	86	divergent_classic
chr9	133356549	133356676	SURF2	SURF1	+	-	127	divergent_overlapping
chr9	136410614	136410629	ENTR1	PMPCA	-	+	15	divergent_classic
chr9	137188560	137188659	ANAPC2	SSNA1	-	+	99	divergent_classic
chr9	137205648	137205684	TMEM203	NDOR1	-	+	36	divergent_classic
chrX	7147236	7148158	STS	PUDP	+	-	922	divergent_overlapping
chrX	13734635	13734742	TRAPPC2	OFD1	-	+	107	divergent_classic
chrX	47145220	47145466	RBM10	NDUFB11	+	-	246	divergent_overlapping
chrX	71254813	71255146	NONO	ZMYM3	+	-	333	divergent_overlapping
chrX	75156387	75156732	UPRT	ABCB7	+	-	345	divergent_overlapping
chrX	77899271	77899439	MAGT1	COX7B	-	+	168	divergent_classic
chrX	81201913	81202101	HMGN5	SH3BGRL	-	+	188	divergent_classic
chrX	101408012	101408221	GLA	HNRNPH2	-	+	209	divergent_classic
chrX	101618001	101622796	ARMCX6	ARMCX3	-	+	4795	divergent_classic
chrX	108091549	108091667	PSMD10	ATG4A	-	+	118	divergent_classic
chrX	119871733	119871831	RNF113A	NDUFA1	-	+	98	divergent_classic
chrX	135344109	135344795	ZNF75D	ZNF449	-	+	686	divergent_classic
chrX	135973840	135974029	SLC9A6	MMGT1	+	-	189	divergent_overlapping
chrX	149540354	149540926	EOLA1	ENSG00000241489	+	-	572	divergent_overlapping
chrX	152830757	152830966	CETN2	NSDHL	-	+	209	divergent_classic
chrX	153793515	153794512	SSR4	IDH3G	+	-	997	divergent_overlapping
chrX	153971818	153972753	HCFC1	TMEM187	-	+	935	divergent_classic
chrX	154374634	154379272	FLNA	EMD	-	+	4638	divergent_classic
chrX	154411523	154412112	TAFAZZIN	DNASE1L1	+	-	589	divergent_overlapping
chrX	155025979	155026940	FUNDC2	F8	+	-	961	divergent_overlapping
chrX	155071136	155071419	CMC4	BRCC3	-	+	283	divergent_classic
